free_text,label_id
"holy shit, thats bá»“n chá»©a tinh",2
TÆ°á»Ÿng zá»‹ lÃ  hayâ€¦ Ká»ƒ vá»›i má»™t giá»ng Ä‘iá»‡u ráº¥t tá»± hÃ o ná»¯a cÆ¡â€¦,0
"Thank god  ,  chá»© chá»‹ mÃ  nhá»› thÃ¬ thu trá»™t giá»›i tráº» rá»“i ğŸ˜‚",0
tá»‘t nháº¥t Ä‘á»«ng nÃªn lá»«a tiá»n pháº£i biáº¿t sá»‘ng chÃ¢n chÃ­nh. náº¿u Ä‘áº·t mÃ¬nh vÃ o ngÆ°á»i mÃ  mÃ¬nh Ä‘Ã£ lá»«a ngÆ°á»i Ä‘Ã³ thÃ¬  mÃ¬nh sáº½ cay,0
MÃ y thÃ´ng minh Ä‘áº¿n ná»—i mÃ y Ä‘á»c sÃ¡ch thÃ¬ cuá»‘n sÃ¡ch nháº­n Ä‘Æ°á»£c tri thá»©c.,0
NhÃ¬n bá»™ nhÃ¡ lÃ  biáº¿t uy tÃ­n cá»¡ nÃ o rÃ²i,0
ThÃ´ng minh mÃ  cÃ³ biáº¿t tÃ­nh k tháº¿=))),0
CÃ³ thá»ƒ Ä‘á»‘i vs bÃ  nÃ y kiáº¿m tiá»n trÃªn tinder = kiáº¿m tiá»n báº±ng lol,2
top 1 sever tinder =)),0
"Loáº¡i nÃ y xÃ£ há»™i kh Ã­t nma,dÃ¡m lÃ m zoo tÃºp nhÆ° nÃ y thÃ¬ chá»‰ cÃ³ 1ğŸ˜‚ğŸ˜‚",0
"sá»‘ng chÃ¢n chÃ­nh Ä‘i, cá»© tÆ°á»Ÿng lÃ  mÃ¬nh hay",0
ráº¥t lÃ  sá»‘c ğŸ’€,0
NhÃ¬n profile mÃ´ táº£ kÃªnh thoi cx Ä‘á»§,0
nÃ³ Ä‘Ã£ gá»¡ rá»“i cÃ²n Ä‘Äƒng Ã¡c tháº­t)))),0
m lÃ  1 sá»± tá»“n táº¡i lá»›n nháº¥t Ä‘á»ƒ t tin ráº±ng phÃ² váº«n cÃ³ thá»ƒ cÃ²n trinh :))),2
Cho em xin tiá»n Ä‘i taxi Ä‘i cj:),0
k biáº¿t nhá»¥c lÃ  j, sá»£ luÃ´n Muá»‘n Ã³i,1
oaaa thÃ´ng minh dá»¯ luÃ´n tr,0
ZÃ´ zuyÃªn dá»¯ chx ğŸ˜‚ğŸ˜‚ğŸ˜‚,0
ai nÃ³i chuyá»‡n Ä‘Æ°á»£c vá»›i báº¡n nÃ y chá»© tÃ´i nhÃ¬n Ä‘Ã£ tháº¥y buá»“n nÃ´n rá»“i ğŸ˜„Ä‘á»«ng cÃ³ nÃ³i lÃ  chi tiá»n cho ğŸ˜,0
yes I think so,0
Mik thÃ¬ ko cáº§n tiá»n táº¡i Mik lÃ  con triá»‡u PhÃº,0
TÃ´i chá»‰ cáº§n lá»— thá»‹t,2
cÃ¢m há»™  â¤â¤,1
ğŸ˜Š,0
Sá»‘ng nhÆ° bÃ  thÃ  Ä‘á»«ng sá»‘ng cÃ²n hÆ¡n,0
Hay quÃ¡ báº¡n Æ¡i â¤,0
Tao khÃ´ng quan trá»ng quÃ¡ trÃ¬nh mÃ y lÃ m chá»‰ quan trá»ng káº¿t quáº£ lÃ  máº¥y ae Ä‘Ã£ chÃ©n Ä‘Æ°á»£c mÃ y chÆ°a thÃ¬ mÃ y cháº£ ká»ƒ ğŸ˜¢,0
Ba biáº¿t ba buá»“n Ä‘Ã³,0
(Hoáº·c lÃ  dell bÃ­t xÃ³a , ai bÃ­t dc ? :3 ),0
miÌ€nh thÄƒÌc mÄƒÌc tsao coÌ rÃ¢Ìt nhiÃªÌ€u thÆ¡Ì£ moÌ‰ khaÌc nhÆ°ng baÌo chiÌ ko choÌ£n maÌ€ laÌ£i choÌ£n ngay cÃ´ naÌ€y? PhaÌ‰i chÄƒng cÃ´ naÌ€y laÌ€m content vÆ¡Ìi title quaÌ nÃ´Ì‰i hay do pv cuÌ‰a baÌo chiÌ raÌ‰nh tay ngÃ´Ì€i xem r lÆ°Ì£a truÌng? ThÆ¡Ì£ moÌ‰ Æ¡Ì‰ VN ko iÌt,0
Cháº¿t rá»“i rÆ¡i vÃ o táº£ng Ä‘Ã¡ rá»“i,0
pháº£i cÃ´ng nháº­n báº¡n quÃ¡ tá»± tin lun ha ğŸ¥°ğŸ¥°ğŸ¥° bá»Ÿi váº­y báº¡n nhÆ° l,1
nháº¥t lÃ  khá»©a gloomi,0
"Chá»‹ Ä‘Ã³ sai nhx ko cÃ³ nghÄ©a lÃ  chÃºng ta cÃ³ quyá»n lÄƒng máº¡, xÃºc pháº¡m há» quÃ¡ Ä‘Ã¡ng nhÆ° váº­y",0
máº·t thÃ¬ xáº¥u mÃ  tÆ°á»Ÿng giÃ¡ mÃ¬nh cao,0
"giá»i ra ib riÃªng ko nhÃ³c, ko thÃ¬ gáº·p ngoÃ i Ä‘á»i",0
Ielt 6.5 cx ko ai dÃ¹ng why does,0
https://www.youtube.com/watch?v=qgGa7UXvxss Ä‘áº¿n cáº£ kÃªnh lÃ m vui vui nÃ³ cÃ²n khinh chj ná»¯a thÃ¬.Haiyaaa,0
Äi cÃ  phÃª cháº­m 1phÃºt pháº¡t 200k :))),0
9:33 phÃ² tá»± hÃ o lÃ m phÃ²,2
Ã´ tá»± nhiÃªn nay nhiá»u link tháº¿ nhÃ²,0
cÃ³ 200k tiá»n máº·t k,0
LÃªn dÃ²ng mÃ¡u viá»‡t r,0
0:22 ÄÃ£ tá»«ng sá»‘ng chÃ³?,1
"Ä‘Ãºng lÃ  má»™t pháº§n vÃ¬ content má»›i láº¡i, chÆ°a ai nghÄ© Ä‘áº¿n. má»™t pháº§n vÃ¬ nhá»¯ng thá»£ má» khÃ¡c nháº­n thá»©c Ä‘Æ°á»£c viá»‡c há» Ä‘ang lÃ m cháº³ng trong sáº¡ch gÃ¬ nÃªn tá»‘t nháº¥t lÃ  giáº¥u Ä‘i Ä‘á»ƒ cÃ²n má»™t chÃºt máº·t mÅ©i cÃ²n chá»‹ nÃ y biáº¿t Ä‘iá»u Ä‘áº¥y lÃ  sai nhÆ°ng láº¡i coi nÃ³ lÃ  má»™t Ã½ tÆ°á»Ÿng sÃ¡ng táº¡o vÃ  tá»± mÃ£n, tá»± cho mÃ¬nh thÃ´ng minh nhÆ°ng thá»±c cháº¥t lÃ  khÃ´n lá»i vá» Ä‘iá»u Ä‘áº¥y máº·c dÃ¹ xÃ£ há»™i nhÃ¬n nÃ³ nhÆ° má»™t tÆ° tÆ°á»Ÿng thá»‘i nÃ¡t",0
Anh báº¡n tiÃªu chuáº©n kÃ©p Ã ,0
"tiÃªu chuáº©n kÃ©p gÃ¬ báº¡n, tháº¥y nÃ³i quÃ¡ thÃ¬ báº£o nÃ³i quÃ¡ thÃ´i",0
Cuá»‘i cÃ¹ng bÃ i há»c lÃ  Ä‘i Ä‘Æ°á»ng cÃ³ thá»ƒ Ä‘Ã¡nh rÆ¡i nhiá»u thá»© nhÆ°ng tuyá»‡t Ä‘á»‘i ko Ä‘c Ä‘Ã¡nh rÆ¡i lÃ²ng tá»± trá»ng,0
Bá»‹ gloomii xin 3 cá»§,0
má»›i xem vid cá»§a gloomi xong,0
Chá»— báº¯n tinh ráº» tiá»n cá»§a cÃ¡c Ä‘áº¡i giağŸ˜‚,2
RÃ¡c máº¡ng xÃ£ há»™i,0
khiáº¿p,0
â€œCÃ¡ch lÃ m Ä‘Ä© trÃªn tinderâ€,2
t tá»« kÃªnh Gloomii qua =))),0
Ná»™i dung nháº£m nhÃ­,0
tá»± há»§y x100000,0
Báº¡n Æ¡i Äƒn cáº¯p video cá»§a ngÆ°á»i khÃ¡c khÃ´ng hay Ä‘Ã¢u báº¡n Æ¡i,0
"á»¦a, lÃ  xoÃ¡ Ä‘i rá»“i Ä‘Äƒng láº¡i háº£ máº¥y bá»“. Rá»“i ná»•i dá»¯ chÆ°a nÃ¨. Váº«n cmt cÅ©, cÃ³ nÃ£o thÃ¬ dÃ¹ng nÃ£o lÃ m chuyá»‡n gÃ¬ Ä‘Ã³ Ã½ nghÄ©a hÆ¡n, cÃ²n máº¥y trÃ² nÃ y lÃ  ráº£nh hÃ¡ng, náº±m ngá»¯a ra pháº£i láº¹ hÆ¡n ko, khá»i tá»‘n nÃ£o luÃ´n",0
?,0
Thoi chá»‹ Æ¡i,0
Oc c,1
BiÃªu Ä‘áº§u,0
Khinh,0
Gloomi Ä‘Ãºng ko,0
len onlyfan cho le c oi,0
Anna delvey phiÃªn báº£n chá»£ Ä‘á»“ng xuÃ¢n,0
Giá»‘ng báº¡n nÃ¨,0
Báº¯n tÃ¹m lum:)),0
CÃ¡ch lÃ m phá» Ã² Ã :)),2
same,0
t cx giá»‘ng m,0
same,0
"NÃ y lÃ  kÃªnh giáº£ , kÃªnh chÃ­nh thÃ¬ xoÃ¡ video r , cháº¯c muá»‘n táº©y tráº¯ng Ä‘Ã¢y mÃ ",0
Tui cx xem video Ã´ng gloomi r bt bÃ  nÃ y,0
same,0
Con Ä‘á»—n lÃ¬,2
